,target
0,NEG
1,NEG
2,NEG
3,NEG
4,NEG
5,NEG
6,NEG
7,NEG
8,NEG
9,NEG
10,NEG
11,NEG
12,NEG
13,NEG
14,NEU
15,NEU
16,NEG
17,NEG
18,NEU
19,NEG
20,NEG
21,NEG
22,NEG
23,NEG
24,NEG
25,NEG
26,NEG
27,NEU
28,NEU
29,NEG
30,NEU
31,NEU
32,NEU
33,NEG
34,NEG
35,NEG
36,NEU
37,NEU
38,NEU
39,NEU
40,NEG
41,NEU
42,NEG
43,NEG
44,NEG
45,NEU
46,NEU
47,NEU
48,NEG
49,NEG
50,NEU
51,NEG
52,NEU
53,NEU
54,NEG
55,NEG
56,NEG
57,NEG
58,NEG
59,POS
60,POS
61,NEG
62,POS
63,POS
64,NEG
65,NEG
66,NEG
67,NEG
68,NEG
69,NEG
70,NEG
71,NEU
72,POS
73,NEU
74,POS
75,NEG
76,NEG
77,POS
78,POS
79,NEU
80,POS
81,NEG
82,NEU
83,NEU
84,NEU
85,NEU
86,NEG
87,NEG
88,NEG
89,NEG
90,NEU
91,NEU
92,NEU
93,NEU
94,NEG
95,NEG
96,NEG
97,NEU
98,NEG
99,NEG
100,NEU
101,POS
102,NEG
103,NEG
104,NEG
105,NEU
106,NEU
107,NEG
108,NEG
109,NEG
110,NEU
111,NEG
112,NEU
113,NEU
114,NEG
115,NEG
116,NEG
117,NEG
118,NEG
119,NEU
120,NEU
121,NEU
122,NEU
123,NEG
124,NEU
125,NEU
126,NEU
127,POS
128,POS
129,POS
130,NEG
131,POS
132,POS
133,NEG
134,NEU
135,POS
136,NEG
137,POS
138,POS
139,POS
140,NEG
141,NEG
142,NEG
143,NEU
144,NEU
145,NEU
146,NEU
147,NEG
148,NEG
149,NEG
150,POS
151,POS
152,NEU
153,NEU
154,NEU
155,NEU
156,NEU
157,NEU
158,NEU
159,NEU
160,NEU
161,NEG
162,NEG
163,NEG
164,NEG
165,NEG
166,NEG
167,NEG
168,NEU
169,NEU
170,NEG
171,NEU
172,NEU
173,NEU
174,POS
175,POS
176,NEU
177,NEU
178,NEU
179,POS
180,POS
181,NEU
182,NEU
183,NEG
184,NEU
185,POS
186,POS
187,NEU
188,NEU
189,NEU
190,NEU
191,NEU
192,NEU
193,NEU
194,NEU
195,POS
196,POS
197,POS
198,POS
199,NEU
200,NEG
201,NEG
202,NEU
203,POS
204,POS
205,POS
206,NEU
207,NEU
208,NEU
209,POS
210,POS
211,NEU
212,POS
213,NEU
214,NEU
215,NEU
216,NEU
217,POS
218,POS
219,POS
220,POS
221,NEU
222,NEU
223,NEU
224,POS
225,POS
226,POS
227,NEU
228,NEU
229,NEU
230,POS
231,POS
232,POS
233,POS
234,POS
235,POS
236,POS
237,POS
238,POS
239,NEU
240,NEU
241,POS
242,POS
243,POS
244,NEU
245,POS
246,POS
247,POS
248,POS
249,NEG
250,NEG
251,NEG
252,POS
253,POS
254,NEU
255,POS
256,POS
257,NEU
258,NEU
259,NEU
260,NEG
261,NEG
262,NEU
263,NEG
264,NEU
265,NEU
266,POS
267,POS
268,POS
269,POS
270,NEG
271,NEG
272,POS
273,POS
274,NEG
275,NEG
276,NEG
277,NEG
278,NEG
279,NEG
280,NEG
281,NEG
282,NEU
283,NEU
284,NEU
285,NEU
286,NEG
287,NEG
288,NEG
289,NEU
290,NEG
291,NEG
292,NEG
293,NEG
294,NEG
295,NEG
296,NEG
297,NEU
298,NEU
299,NEU
300,NEU
301,POS
302,POS
303,NEG
304,NEG
305,NEG
306,NEG
307,NEG
308,NEG
309,NEU
310,NEU
311,NEG
312,NEG
313,NEU
314,NEG
315,NEG
316,NEG
317,NEG
318,NEU
319,NEU
320,NEU
321,NEG
322,NEG
323,NEG
324,NEU
325,NEG
326,NEU
327,NEU
328,NEU
329,NEU
330,NEU
331,NEG
332,NEU
333,NEU
334,NEU
335,NEU
336,NEU
337,NEU
338,NEG
339,NEG
340,NEG
341,NEG
342,NEG
343,NEG
344,NEG
345,NEG
346,NEG
347,NEG
348,NEG
349,NEU
350,NEU
351,NEG
352,NEG
353,NEG
354,NEG
355,NEG
356,NEG
357,NEU
358,NEU
359,NEU
360,POS
361,POS
362,POS
363,POS
364,NEG
365,NEU
366,NEG
367,NEG
368,NEU
369,NEG
370,NEG
371,NEU
372,NEU
373,NEU
374,NEU
375,NEU
376,NEU
377,NEU
378,NEU
379,NEU
380,NEU
381,NEU
382,NEG
383,NEU
384,NEU
385,NEU
386,NEG
387,NEU
388,NEU
389,NEU
390,NEU
391,NEU
392,NEU
393,NEU
394,NEU
395,NEU
396,NEU
397,NEG
398,NEG
399,NEU
400,NEU
401,NEU
402,POS
403,POS
404,NEU
405,POS
406,POS
407,POS
408,POS
409,POS
410,POS
411,NEU
412,NEU
413,NEU
414,NEU
415,NEU
416,NEG
417,NEG
418,NEG
419,NEG
420,NEG
421,NEG
422,NEG
423,NEG
424,NEG
425,NEU
426,NEG
427,NEG
428,NEG
429,NEU
430,NEU
431,NEU
432,NEU
433,NEG
434,NEU
435,NEU
436,NEU
437,NEU
438,NEG
439,NEU
440,NEG
441,NEG
442,NEG
443,NEG
444,NEU
445,NEU
446,NEU
447,NEU
448,NEU
449,NEU
450,NEU
451,NEG
452,NEG
453,NEG
454,NEG
455,NEG
456,NEG
457,NEG
458,NEG
459,NEU
460,POS
461,POS
462,NEU
463,NEU
464,POS
465,NEG
466,NEU
467,NEU
468,NEU
469,NEU
470,NEU
471,NEU
472,NEU
473,NEU
474,NEU
475,NEG
476,NEG
477,NEG
478,NEU
479,NEU
480,NEU
481,NEU
482,NEU
483,NEU
484,NEU
485,NEU
486,NEU
487,POS
488,POS
489,NEU
490,NEU
491,NEU
492,NEU
493,NEU
494,NEU
495,NEU
496,NEU
497,NEG
498,NEU
499,NEU
500,NEU
501,POS
502,NEU
503,NEU
504,NEU
505,NEU
506,NEU
507,NEG
508,NEG
509,NEG
510,NEU
511,NEU
512,NEU
513,NEU
514,NEU
515,NEG
516,NEG
517,NEU
518,NEU
519,NEU
520,POS
521,NEU
522,NEU
523,NEG
524,NEU
525,NEU
526,NEU
527,NEU
528,NEG
529,NEU
530,NEU
531,NEU
532,NEU
533,NEU
534,NEU
535,POS
536,POS
537,POS
538,POS
539,NEG
540,NEU
541,NEU
542,NEG
543,NEU
544,NEU
545,NEG
546,NEG
547,NEG
548,NEG
549,POS
550,POS
551,POS
552,POS
553,POS
554,POS
555,POS
556,POS
557,POS
558,POS
559,POS
560,POS
561,POS
562,POS
563,POS
564,POS
565,POS
566,POS
567,POS
568,POS
569,POS
570,POS
571,POS
572,NEU
573,POS
574,NEG
575,NEG
576,NEG
577,NEG
578,NEG
579,NEG
580,NEG
581,NEG
582,NEG
583,NEG
584,NEG
585,NEU
586,NEU
587,NEG
588,NEG
589,NEG
590,NEG
591,NEG
592,POS
593,POS
594,POS
595,NEU
596,NEU
597,NEU
598,NEU
599,NEU
600,NEU
601,POS
602,NEG
603,NEU
604,NEU
605,POS
606,NEG
607,NEG
608,NEU
609,NEG
610,NEG
611,NEG
612,NEU
613,NEG
614,NEG
615,NEG
616,NEG
617,POS
618,NEU
619,NEU
620,NEU
621,POS
622,NEU
623,POS
624,NEG
625,NEG
626,NEU
627,NEU
628,POS
629,NEU
630,NEU
631,NEU
632,NEU
633,NEU
634,NEU
635,NEU
636,NEU
637,NEU
638,NEG
639,NEG
640,POS
641,NEU
642,NEG
643,NEG
644,NEG
645,NEG
646,NEG
647,NEG
648,NEG
649,NEU
650,NEG
651,POS
652,POS
653,NEG
654,NEG
655,NEU
656,NEG
657,POS
658,POS
659,NEG
660,NEG
661,NEU
662,NEU
663,NEG
664,NEU
665,NEU
666,NEU
667,NEU
668,NEU
669,POS
670,POS
671,POS
672,NEU
673,NEU
674,NEU
675,NEU
676,NEU
677,NEU
678,NEG
679,NEG
680,NEU
681,NEU
682,NEU
683,NEU
684,NEG
685,NEG
686,NEG
687,NEG
688,NEU
689,NEG
690,NEG
691,NEG
692,NEG
693,NEU
694,NEU
695,NEU
696,NEU
697,NEG
698,NEG
699,NEU
700,NEG
701,NEU
702,NEU
703,NEU
704,NEU
705,NEU
706,NEG
707,NEG
708,NEG
709,NEG
710,NEG
711,NEG
712,NEG
713,NEU
714,NEG
715,NEU
716,NEU
717,NEU
718,POS
719,NEG
720,NEG
721,NEG
722,NEG
723,NEU
724,NEU
725,NEG
726,NEG
727,NEG
728,NEG
729,NEG
730,NEU
731,NEU
732,NEU
733,NEU
734,POS
735,POS
736,POS
737,NEU
738,NEG
739,NEU
740,NEG
741,NEG
742,NEG
743,NEG
744,NEG
745,NEU
746,NEU
747,NEU
748,NEU
749,NEU
750,NEG
751,NEG
752,NEU
753,NEU
754,NEG
755,NEG
756,NEG
757,NEG
758,POS
759,NEU
760,NEU
761,NEU
762,POS
763,NEU
764,NEU
765,NEU
766,NEU
767,NEU
768,NEU
769,NEU
770,NEG
771,NEG
772,NEG
773,NEG
774,NEG
775,NEU
776,NEU
777,NEU
778,POS
779,POS
780,NEG
781,NEU
782,NEU
783,NEG
784,NEG
785,NEG
786,NEG
787,NEG
788,NEG
789,NEU
790,NEU
791,NEG
792,NEG
793,NEG
794,NEG
795,NEU
796,NEU
797,POS
798,NEU
799,NEU
800,NEU
801,NEG
802,NEG
803,NEU
804,NEU
805,NEG
806,NEU
807,NEU
808,NEG
809,NEG
810,NEG
811,NEU
812,NEU
813,NEU
814,NEU
815,NEU
816,NEG
817,NEU
818,NEU
819,NEG
820,NEU
821,NEU
822,NEU
823,NEG
824,POS
825,POS
826,POS
827,NEG
828,NEU
829,NEG
830,NEG
831,NEG
832,NEU
833,NEU
834,NEU
835,NEU
836,NEU
837,NEU
838,NEG
839,NEG
840,NEG
841,NEU
842,NEG
843,POS
844,POS
845,NEG
846,NEG
847,NEG
848,NEG
849,NEG
850,NEG
851,NEG
852,NEG
853,NEG
854,NEG
855,NEU
856,NEU
857,NEG
858,NEG
859,NEG
860,POS
861,POS
862,NEU
863,NEU
864,NEU
865,NEU
866,NEU
867,NEU
868,NEU
869,NEU
870,NEU
871,NEU
872,NEU
873,NEU
874,NEU
875,NEU
876,NEU
877,NEU
878,NEG
879,NEU
880,NEU
881,NEU
882,NEU
883,NEU
884,NEU
885,NEU
886,NEU
887,NEG
888,NEU
889,NEU
890,NEU
891,NEU
892,NEG
893,NEU
894,NEU
895,NEU
896,NEU
897,POS
898,POS
899,NEG
900,NEG
901,NEG
902,POS
903,POS
904,NEG
905,NEG
906,NEG
907,NEG
908,NEG
909,NEG
910,NEU
911,NEU
912,NEG
913,NEG
914,NEU
915,NEU
916,NEU
917,NEU
918,NEU
919,NEU
920,NEU
921,NEU
922,NEU
923,NEU
924,NEU
925,POS
926,POS
927,POS
928,NEU
929,NEU
930,NEU
931,POS
932,POS
933,POS
934,POS
935,POS
936,POS
937,NEU
938,NEU
939,NEU
940,NEU
941,NEU
942,NEU
943,NEU
944,NEU
945,NEU
946,NEU
947,NEU
948,NEU
949,NEU
950,NEG
951,NEG
952,NEG
953,NEG
954,NEG
955,NEG
956,NEG
957,NEG
958,NEU
959,NEU
960,NEG
961,NEU
962,NEG
963,NEG
964,NEG
965,NEG
966,NEU
967,NEU
968,NEU
969,NEU
970,POS
971,POS
972,POS
973,NEU
974,POS
975,POS
976,POS
977,POS
978,NEU
979,NEU
980,NEU
981,NEU
982,NEU
983,NEU
984,POS
985,POS
986,POS
987,POS
988,POS
989,POS
990,POS
991,POS
992,POS
993,POS
994,POS
995,POS
996,POS
997,NEU
998,NEU
999,NEU
1000,POS
1001,POS
1002,NEU
1003,NEU
1004,NEU
1005,POS
1006,NEU
1007,NEU
1008,POS
1009,POS
1010,POS
1011,POS
1012,POS
1013,POS
1014,POS
1015,POS
1016,POS
1017,POS
1018,POS
1019,POS
1020,NEU
1021,POS
1022,POS
1023,POS
1024,NEU
1025,POS
1026,POS
1027,POS
1028,POS
1029,NEU
1030,NEU
1031,POS
1032,POS
1033,POS
1034,POS
1035,POS
1036,NEU
1037,POS
1038,POS
1039,POS
1040,NEU
1041,NEU
1042,NEU
1043,NEU
1044,POS
1045,NEU
1046,NEU
1047,NEU
1048,NEU
1049,POS
1050,NEU
1051,NEU
1052,POS
1053,POS
1054,NEU
1055,NEU
1056,NEU
1057,NEU
1058,NEU
1059,NEU
1060,NEU
1061,NEU
1062,NEU
1063,NEU
1064,NEU
1065,NEU
1066,NEU
1067,NEU
1068,NEU
1069,NEU
1070,NEU
1071,NEU
1072,NEU
1073,NEU
1074,POS
1075,POS
1076,NEU
1077,NEU
1078,NEU
1079,POS
1080,POS
1081,NEU
1082,NEU
1083,NEU
1084,NEU
1085,NEU
1086,NEG
1087,NEG
1088,NEU
1089,NEU
1090,NEU
1091,NEU
1092,NEU
1093,NEU
1094,POS
1095,NEU
1096,NEU
1097,POS
1098,POS
1099,NEU
1100,POS
1101,POS
1102,NEU
1103,NEU
1104,NEU
1105,NEU
1106,NEU
1107,NEU
1108,NEU
1109,NEU
1110,NEU
1111,NEU
1112,NEU
1113,NEU
1114,NEU
1115,NEU
1116,NEU
1117,NEU
1118,NEU
1119,NEU
1120,POS
1121,NEU
1122,NEU
1123,NEU
1124,NEU
1125,POS
1126,POS
1127,POS
1128,NEU
1129,POS
1130,NEU
1131,NEU
1132,NEU
1133,POS
1134,POS
1135,POS
1136,POS
1137,POS
1138,NEU
1139,NEU
1140,NEU
1141,NEU
1142,POS
1143,POS
1144,POS
1145,POS
1146,NEU
1147,POS
1148,POS
1149,POS
1150,POS
1151,POS
1152,NEU
1153,NEU
1154,POS
1155,NEU
1156,NEU
1157,NEU
1158,NEU
1159,NEU
1160,NEU
1161,NEU
1162,NEU
1163,NEU
1164,NEU
1165,NEU
1166,NEU
1167,NEU
1168,NEU
1169,NEU
1170,NEU
1171,NEU
1172,NEU
1173,NEU
1174,NEU
1175,POS
1176,POS
1177,NEU
1178,NEU
1179,NEU
1180,NEU
1181,NEU
1182,NEU
1183,NEU
1184,NEU
1185,NEU
1186,NEU
1187,POS
1188,POS
1189,NEU
1190,NEU
1191,NEU
1192,NEU
1193,NEU
1194,NEU
1195,NEU
1196,NEU
1197,POS
1198,POS
1199,NEU
1200,POS
1201,POS
1202,POS
1203,NEU
1204,NEU
1205,NEU
1206,NEU
1207,NEG
1208,NEG
1209,NEU
1210,NEU
1211,NEU
1212,NEU
1213,NEU
1214,NEU
1215,NEU
1216,NEU
1217,NEU
1218,NEU
1219,NEU
1220,POS
1221,NEU
1222,NEU
1223,NEU
1224,POS
1225,POS
1226,POS
1227,POS
1228,POS
1229,POS
1230,POS
1231,NEU
1232,NEU
1233,NEU
1234,POS
1235,POS
1236,NEU
1237,NEU
1238,NEU
1239,NEU
1240,NEU
1241,NEU
1242,NEU
1243,POS
1244,POS
1245,NEU
1246,NEU
1247,NEU
1248,NEU
1249,NEU
1250,NEU
1251,NEG
1252,NEG
1253,POS
1254,POS
1255,POS
1256,POS
1257,POS
1258,POS
1259,POS
1260,POS
1261,POS
1262,POS
1263,POS
1264,POS
1265,POS
1266,POS
1267,POS
1268,POS
1269,POS
1270,POS
1271,POS
1272,POS
1273,POS
1274,POS
1275,POS
1276,NEU
1277,NEU
1278,NEU
1279,NEU
1280,NEU
1281,NEU
1282,NEG
1283,NEU
1284,NEG
1285,NEG
1286,NEU
1287,NEU
1288,NEU
1289,NEU
1290,NEG
1291,NEG
1292,NEG
1293,NEU
1294,NEU
1295,NEG
1296,NEG
1297,NEG
1298,NEG
1299,NEU
1300,NEU
1301,NEG
1302,NEG
1303,NEG
1304,NEG
1305,POS
1306,NEG
1307,NEG
1308,NEG
1309,NEU
1310,POS
1311,NEU
1312,POS
1313,POS
1314,POS
1315,POS
1316,POS
1317,POS
1318,POS
1319,POS
1320,NEU
1321,NEU
1322,POS
1323,POS
1324,POS
1325,POS
1326,POS
1327,POS
1328,POS
1329,POS
1330,POS
1331,POS
1332,POS
1333,POS
1334,POS
1335,NEG
1336,NEG
1337,POS
1338,POS
1339,POS
1340,POS
1341,POS
1342,POS
1343,POS
1344,POS
1345,POS
1346,POS
1347,POS
1348,POS
1349,NEG
1350,NEG
1351,NEG
1352,NEU
1353,NEU
1354,NEU
1355,NEU
1356,POS
1357,POS
1358,POS
1359,POS
1360,POS
1361,POS
1362,POS
1363,POS
1364,POS
1365,POS
1366,POS
1367,POS
1368,POS
1369,NEU
1370,POS
1371,POS
1372,POS
1373,NEU
1374,POS
1375,POS
1376,POS
1377,POS
1378,POS
1379,POS
1380,POS
1381,POS
1382,POS
1383,POS
1384,POS
1385,POS
1386,NEG
1387,POS
1388,POS
1389,POS
1390,POS
1391,POS
1392,POS
1393,POS
1394,POS
1395,POS
1396,POS
1397,POS
1398,POS
1399,POS
1400,POS
1401,POS
1402,POS
1403,NEU
1404,POS
1405,POS
1406,NEG
1407,NEG
1408,NEG
1409,NEG
1410,POS
1411,NEG
1412,NEG
1413,NEG
1414,NEG
1415,NEU
1416,NEU
1417,NEU
1418,NEG
1419,NEU
1420,POS
1421,POS
1422,POS
1423,POS
1424,POS
1425,POS
1426,POS
1427,NEG
1428,NEG
1429,NEG
1430,POS
1431,POS
1432,POS
1433,NEU
1434,NEU
1435,NEU
1436,NEU
1437,NEU
1438,NEU
1439,NEU
1440,POS
1441,POS
1442,NEG
1443,NEU
1444,NEU
1445,NEU
1446,POS
1447,POS
1448,POS
1449,POS
1450,POS
1451,NEU
1452,NEU
1453,NEU
1454,NEU
1455,POS
1456,POS
1457,POS
1458,NEU
1459,NEU
1460,NEU
1461,NEU
1462,NEU
1463,NEU
1464,NEU
1465,NEU
1466,NEU
1467,NEU
1468,NEU
1469,NEU
1470,NEU
1471,NEU
1472,NEU
1473,NEU
1474,NEG
1475,NEG
1476,NEG
1477,NEG
1478,NEG
1479,NEG
1480,NEG
1481,NEG
1482,NEG
1483,NEG
1484,NEG
1485,NEU
1486,NEG
1487,NEG
1488,NEG
1489,NEG
1490,NEG
1491,NEG
1492,NEU
1493,NEU
1494,NEG
1495,NEG
1496,NEG
1497,NEG
1498,NEG
1499,NEG
1500,NEG
1501,POS
1502,POS
1503,POS
1504,NEU
1505,NEU
1506,NEG
1507,NEG
1508,NEG
1509,NEG
1510,NEG
1511,NEG
1512,NEU
1513,NEU
1514,NEU
1515,NEG
1516,NEU
1517,NEG
1518,NEG
1519,NEG
1520,NEU
1521,NEG
1522,NEG
1523,NEG
1524,NEG
1525,NEG
1526,NEG
1527,NEG
1528,NEG
1529,NEU
1530,NEU
1531,NEU
1532,NEU
1533,NEU
1534,NEG
1535,NEG
1536,NEG
1537,NEU
1538,NEU
1539,NEG
1540,NEG
1541,NEG
1542,NEU
1543,NEU
1544,NEU
1545,NEU
1546,NEU
1547,NEG
1548,NEG
1549,NEG
1550,NEG
1551,NEG
1552,NEG
1553,NEU
1554,NEG
1555,POS
1556,NEU
1557,NEG
1558,NEG
1559,NEG
1560,NEG
1561,NEG
1562,NEG
1563,NEG
1564,NEG
1565,NEG
1566,NEG
1567,NEG
1568,NEG
1569,NEG
1570,NEG
1571,NEG
1572,NEG
1573,NEG
1574,NEG
1575,NEG
1576,NEG
1577,NEG
1578,NEG
1579,NEU
1580,POS
1581,NEG
1582,POS
1583,POS
1584,POS
1585,NEU
1586,NEU
1587,NEU
1588,NEU
1589,NEG
1590,NEU
1591,NEU
1592,POS
1593,NEU
1594,NEU
1595,NEG
1596,NEG
1597,NEG
1598,NEG
1599,NEG
1600,NEG
1601,NEU
1602,NEU
1603,NEU
1604,POS
1605,POS
1606,POS
1607,POS
1608,NEG
1609,POS
1610,POS
1611,POS
1612,NEU
1613,POS
1614,POS
1615,NEU
1616,NEG
1617,NEG
1618,POS
1619,NEG
1620,NEG
1621,NEG
1622,NEG
1623,NEG
1624,NEU
1625,POS
1626,POS
1627,NEU
1628,POS
1629,POS
1630,POS
1631,POS
1632,NEU
1633,NEU
1634,POS
1635,NEG
1636,NEG
1637,NEG
1638,POS
1639,POS
1640,POS
1641,POS
1642,NEU
1643,NEG
1644,NEG
1645,NEG
1646,NEG
1647,NEU
1648,NEU
1649,NEU
1650,POS
1651,POS
1652,POS
1653,NEG
1654,NEG
1655,NEG
1656,POS
1657,POS
1658,NEG
1659,NEG
1660,POS
1661,POS
1662,NEG
1663,NEG
1664,NEU
1665,NEG
1666,NEG
1667,NEG
1668,NEG
1669,NEG
1670,NEU
1671,POS
1672,POS
1673,NEG
1674,NEU
1675,NEG
1676,NEG
1677,NEG
1678,NEG
1679,NEG
1680,NEG
1681,NEU
1682,NEU
1683,NEG
1684,NEG
1685,NEG
1686,NEG
1687,NEG
1688,NEG
1689,NEG
1690,NEG
1691,POS
1692,POS
1693,POS
1694,POS
1695,NEG
1696,NEG
1697,NEG
1698,NEG
1699,NEG
1700,NEG
1701,NEG
1702,NEG
1703,NEG
1704,NEG
1705,NEU
1706,NEU
1707,NEU
1708,NEG
1709,NEG
1710,NEG
1711,NEG
1712,POS
1713,POS
1714,POS
1715,POS
1716,POS
1717,POS
1718,NEU
1719,NEU
1720,NEU
1721,POS
1722,NEU
1723,NEG
1724,NEG
1725,NEG
1726,NEG
1727,NEG
1728,NEG
1729,NEG
1730,NEG
1731,NEG
1732,NEG
1733,NEG
1734,NEG
1735,NEU
1736,NEU
1737,NEU
1738,NEU
1739,NEU
1740,NEU
1741,NEU
1742,NEG
1743,POS
1744,NEU
1745,NEU
1746,NEU
1747,NEU
1748,NEG
1749,NEG
1750,NEG
1751,NEG
1752,NEG
1753,POS
1754,NEG
1755,NEU
1756,NEU
1757,NEU
1758,NEG
1759,NEG
1760,POS
1761,POS
1762,NEG
1763,NEG
1764,NEG
1765,NEG
1766,NEG
1767,NEG
1768,NEG
1769,NEG
1770,NEG
1771,NEG
1772,POS
1773,POS
1774,POS
1775,NEG
1776,NEU
1777,NEU
1778,NEU
1779,NEU
1780,NEU
1781,NEU
1782,POS
1783,NEU
1784,NEG
1785,NEG
1786,NEG
1787,NEG
1788,POS
1789,POS
1790,POS
1791,POS
1792,NEG
1793,NEG
1794,NEG
1795,NEG
1796,NEG
1797,NEG
1798,NEU
1799,NEU
1800,NEU
1801,NEU
1802,NEU
1803,NEU
1804,NEU
1805,NEG
1806,NEG
1807,NEU
1808,NEU
1809,NEU
1810,POS
1811,NEU
1812,NEU
1813,POS
1814,POS
1815,NEG
1816,NEG
1817,NEG
1818,NEU
1819,NEU
1820,NEU
1821,NEG
1822,NEG
1823,NEG
1824,NEG
1825,NEG
1826,NEU
1827,NEU
1828,NEG
1829,NEG
1830,NEG
1831,NEG
1832,NEG
1833,NEG
1834,NEG
1835,NEG
1836,NEU
1837,POS
1838,POS
1839,NEG
1840,POS
1841,POS
1842,NEG
1843,NEG
1844,NEG
1845,NEG
1846,NEG
1847,NEG
1848,NEG
1849,NEG
1850,NEG
1851,NEG
1852,NEU
1853,NEU
1854,NEU
1855,NEU
1856,NEG
1857,NEG
1858,NEG
1859,POS
1860,POS
1861,NEG
1862,NEG
1863,NEU
1864,NEG
1865,NEG
1866,NEG
1867,NEG
1868,NEG
1869,POS
1870,POS
1871,POS
1872,NEU
1873,POS
1874,NEG
1875,NEG
1876,NEG
1877,NEG
1878,POS
1879,POS
1880,POS
1881,NEU
1882,POS
1883,POS
1884,POS
1885,POS
1886,NEG
1887,NEG
1888,NEG
1889,NEU
1890,NEU
1891,POS
1892,POS
1893,POS
1894,NEG
1895,NEG
1896,POS
1897,POS
1898,POS
1899,NEG
1900,NEG
1901,NEG
1902,NEG
1903,NEG
1904,NEU
1905,NEU
1906,NEU
1907,NEG
1908,NEG
1909,NEG
1910,POS
1911,NEG
1912,NEG
1913,NEG
1914,POS
1915,POS
1916,POS
1917,NEG
1918,NEG
1919,NEG
1920,NEG
1921,NEU
1922,NEU
1923,NEU
1924,NEU
1925,NEU
1926,NEU
1927,NEU
1928,NEU
1929,NEU
1930,NEU
1931,NEU
1932,NEU
1933,NEU
1934,NEU
1935,NEU
1936,NEU
1937,NEU
1938,NEU
1939,NEU
1940,NEU
1941,NEU
1942,NEU
1943,POS
1944,POS
1945,POS
1946,NEU
1947,NEU
1948,NEU
1949,NEU
1950,NEU
1951,NEU
1952,NEU
1953,NEU
1954,NEU
1955,NEU
1956,NEU
1957,NEU
1958,NEU
1959,POS
1960,POS
1961,POS
1962,NEU
1963,NEU
1964,NEU
1965,NEU
1966,NEU
1967,NEU
1968,POS
1969,NEU
1970,POS
1971,POS
1972,NEU
1973,POS
1974,NEU
1975,NEU
1976,NEU
1977,POS
1978,POS
1979,POS
1980,NEU
1981,NEU
1982,NEU
1983,NEU
1984,NEU
1985,NEU
1986,NEU
1987,NEU
1988,NEU
1989,NEU
1990,NEU
1991,NEU
1992,NEU
1993,NEU
1994,NEU
1995,NEU
1996,NEU
1997,NEU
1998,NEU
1999,NEU
2000,NEU
2001,NEU
2002,NEU
2003,NEU
2004,NEU
2005,NEU
2006,NEU
2007,NEU
2008,POS
2009,NEU
2010,NEU
2011,NEU
2012,NEU
2013,NEU
2014,NEU
2015,NEU
2016,POS
2017,POS
2018,POS
2019,POS
2020,NEU
2021,POS
2022,NEU
2023,POS
2024,POS
2025,POS
2026,POS
2027,POS
2028,POS
2029,POS
2030,NEU
2031,NEU
2032,NEU
2033,NEU
2034,NEU
2035,POS
2036,POS
2037,NEU
2038,NEU
2039,NEU
2040,NEU
2041,NEU
2042,NEU
2043,POS
2044,POS
2045,POS
2046,POS
2047,POS
2048,NEU
2049,POS
2050,POS
2051,POS
2052,POS
2053,NEU
2054,NEU
2055,NEU
2056,NEU
2057,NEU
2058,POS
2059,POS
2060,POS
2061,POS
2062,POS
2063,NEU
2064,NEU
2065,NEU
2066,POS
2067,POS
2068,POS
2069,POS
2070,NEU
2071,POS
2072,POS
2073,NEU
2074,NEU
2075,POS
2076,POS
2077,POS
2078,POS
2079,POS
2080,POS
2081,POS
2082,NEU
2083,NEU
2084,POS
2085,POS
2086,POS
2087,NEU
2088,POS
2089,NEU
2090,NEU
2091,POS
2092,POS
2093,POS
2094,NEU
2095,NEU
2096,POS
2097,POS
2098,NEU
2099,NEU
2100,NEU
2101,NEU
2102,NEU
2103,POS
2104,NEU
2105,NEU
2106,NEG
2107,NEU
2108,NEU
2109,NEU
2110,NEU
2111,NEU
2112,POS
2113,POS
2114,POS
2115,POS
2116,POS
2117,POS
2118,POS
2119,NEG
2120,NEG
2121,NEG
2122,NEG
2123,NEG
2124,NEG
2125,NEG
2126,NEG
2127,NEG
2128,NEU
2129,NEG
2130,NEG
2131,NEG
2132,NEG
2133,NEG
2134,NEG
2135,NEG
2136,NEG
2137,NEG
2138,NEG
2139,NEG
2140,POS
2141,NEG
2142,NEG
2143,NEG
2144,NEU
2145,NEU
2146,NEU
2147,NEG
2148,NEG
2149,NEU
2150,NEU
2151,NEU
2152,NEU
2153,NEU
2154,NEU
2155,NEU
2156,NEU
2157,NEU
2158,NEU
2159,NEU
2160,NEU
2161,NEU
2162,NEU
2163,NEU
2164,NEU
2165,NEU
2166,NEU
2167,NEU
2168,NEU
2169,NEU
2170,NEU
2171,NEU
2172,NEU
2173,NEU
2174,NEU
2175,NEU
2176,NEU
2177,NEU
2178,NEU
2179,POS
2180,NEU
2181,NEU
2182,NEU
2183,POS
2184,NEG
2185,NEG
2186,NEG
2187,NEG
2188,NEG
2189,NEG
2190,NEU
2191,NEU
2192,NEU
2193,NEU
2194,NEU
2195,NEU
2196,NEU
2197,NEU
2198,NEU
2199,NEU
2200,NEU
2201,NEU
2202,POS
2203,NEU
2204,NEU
2205,POS
2206,NEU
2207,NEU
2208,NEU
2209,NEU
2210,POS
2211,NEU
2212,NEU
2213,NEU
2214,NEG
2215,NEG
2216,NEG
2217,NEG
2218,NEG
2219,NEU
2220,NEU
2221,NEU
2222,NEU
2223,NEU
2224,NEU
2225,NEU
2226,NEU
2227,NEU
2228,NEU
2229,NEU
2230,NEU
2231,NEU
2232,NEU
2233,NEU
2234,NEU
2235,NEU
2236,NEU
2237,NEU
2238,NEU
2239,NEU
2240,NEU
2241,NEU
2242,NEU
2243,NEU
2244,NEU
2245,NEU
2246,POS
2247,NEG
2248,NEG
2249,NEG
2250,NEG
2251,NEG
2252,POS
2253,NEU
2254,NEU
2255,NEU
2256,NEG
2257,NEU
2258,NEU
2259,NEU
2260,NEU
2261,POS
2262,POS
2263,NEU
2264,NEU
2265,NEU
2266,NEU
2267,NEG
2268,NEG
2269,POS
2270,POS
2271,POS
2272,POS
2273,NEU
2274,NEU
2275,NEU
2276,NEU
2277,NEU
2278,NEU
2279,NEU
2280,NEU
2281,NEU
2282,NEU
2283,NEU
2284,NEU
2285,NEU
2286,NEG
2287,NEG
2288,NEG
2289,NEG
2290,POS
2291,POS
2292,POS
2293,NEU
2294,NEU
2295,NEU
2296,NEU
2297,NEU
2298,NEG
2299,NEG
2300,NEU
2301,NEU
2302,NEU
2303,NEU
2304,NEU
2305,NEU
2306,NEU
2307,NEU
2308,NEU
2309,NEU
2310,NEU
2311,NEU
2312,POS
2313,POS
2314,POS
2315,NEG
2316,NEG
2317,POS
2318,POS
2319,POS
2320,POS
2321,NEU
2322,NEU
2323,NEU
2324,NEU
2325,NEU
2326,NEU
2327,NEU
2328,NEU
2329,POS
2330,NEG
2331,NEU
2332,NEU
2333,NEU
2334,NEU
2335,POS
2336,POS
2337,POS
2338,POS
2339,NEG
2340,NEG
2341,NEU
2342,NEU
2343,NEU
2344,NEU
2345,NEU
2346,NEU
2347,NEU
2348,NEU
2349,NEU
2350,NEU
2351,NEU
2352,NEU
2353,NEU
2354,NEU
2355,NEU
2356,NEU
2357,POS
2358,NEU
2359,NEU
2360,NEU
2361,NEU
2362,NEU
2363,NEU
2364,NEG
2365,NEG
2366,NEG
2367,POS
2368,NEU
2369,POS
2370,NEG
2371,NEU
2372,NEU
2373,POS
2374,NEU
2375,NEU
2376,NEU
2377,NEU
2378,NEG
2379,NEG
2380,NEU
2381,NEU
2382,NEU
2383,NEU
2384,NEU
2385,NEU
2386,NEU
2387,NEU
2388,NEU
2389,NEU
2390,POS
2391,POS
2392,POS
2393,POS
2394,POS
2395,POS
2396,NEU
2397,NEU
2398,NEU
2399,NEU
2400,NEU
2401,NEU
2402,NEU
2403,NEU
2404,NEU
2405,NEG
2406,NEG
2407,NEG
2408,NEG
2409,NEU
2410,NEU
2411,NEU
2412,POS
2413,POS
2414,POS
2415,NEG
2416,NEG
2417,NEG
2418,NEG
2419,NEG
2420,NEU
2421,NEU
2422,NEU
2423,NEU
2424,POS
2425,NEU
2426,NEU
2427,NEG
2428,NEG
2429,NEG
2430,NEG
2431,NEU
2432,NEG
2433,NEG
2434,NEG
2435,NEG
2436,NEG
2437,NEG
2438,POS
2439,POS
2440,NEG
2441,NEG
2442,NEG
2443,NEG
2444,NEU
2445,NEU
2446,NEU
2447,POS
2448,NEU
2449,NEU
2450,NEU
2451,NEU
2452,NEU
2453,NEU
2454,NEU
2455,POS
2456,NEU
2457,NEU
2458,NEU
2459,NEU
2460,NEU
2461,NEU
2462,NEU
2463,NEU
2464,NEU
2465,NEU
2466,NEG
2467,POS
2468,POS
2469,NEU
2470,NEU
2471,NEG
2472,NEU
2473,POS
2474,POS
2475,POS
2476,NEG
2477,NEU
2478,NEU
2479,POS
2480,NEU
2481,POS
2482,NEU
2483,POS
2484,NEU
2485,NEU
2486,NEU
2487,NEU
2488,NEU
2489,NEU
2490,NEU
2491,NEU
2492,NEU
2493,POS
2494,NEU
2495,NEU
2496,POS
2497,POS
2498,NEU
2499,POS
2500,NEU
2501,POS
2502,POS
2503,NEU
2504,NEU
2505,NEU
2506,NEU
2507,NEU
2508,NEU
2509,NEU
2510,NEU
2511,NEU
2512,NEU
2513,NEU
2514,POS
2515,NEU
2516,NEU
2517,NEG
2518,NEU
2519,NEU
2520,NEU
2521,NEU
2522,NEU
2523,NEU
2524,NEU
2525,NEU
2526,NEU
2527,NEU
2528,NEU
2529,NEU
2530,NEU
2531,NEU
2532,NEU
2533,NEU
2534,NEU
2535,NEU
2536,NEU
2537,NEU
2538,NEU
2539,NEU
2540,NEU
2541,NEU
2542,NEU
2543,NEU
2544,NEU
2545,NEU
2546,NEU
2547,NEU
2548,NEU
2549,NEU
2550,NEU
2551,NEU
2552,NEU
2553,NEU
2554,POS
2555,NEU
2556,POS
2557,POS
2558,POS
2559,NEU
2560,NEU
2561,NEU
2562,NEU
2563,NEU
2564,NEU
2565,NEU
2566,NEU
2567,NEU
2568,NEU
2569,NEU
2570,NEU
2571,NEU
2572,NEU
2573,NEU
2574,NEU
2575,NEU
2576,NEU
2577,NEU
2578,NEU
2579,NEU
2580,NEU
2581,NEU
2582,POS
2583,POS
2584,NEU
2585,NEU
2586,NEU
2587,NEU
2588,NEU
2589,NEU
2590,NEU
2591,POS
2592,NEU
2593,NEU
2594,NEU
2595,NEU
2596,NEU
2597,POS
2598,POS
2599,POS
2600,NEU
2601,POS
2602,POS
2603,POS
2604,POS
2605,POS
2606,NEU
2607,NEU
2608,NEU
2609,NEU
2610,NEU
2611,NEU
2612,NEU
2613,NEU
2614,NEU
2615,NEU
2616,NEU
2617,NEU
2618,NEU
2619,NEU
2620,NEU
2621,NEU
2622,NEU
2623,NEU
2624,NEU
2625,NEU
2626,NEU
2627,NEU
2628,NEU
2629,NEU
2630,NEU
2631,NEU
2632,NEU
2633,NEU
2634,NEU
2635,NEU
2636,NEU
2637,NEU
2638,NEU
2639,NEU
2640,POS
2641,NEU
2642,NEU
2643,NEU
2644,NEU
2645,NEU
2646,POS
2647,POS
2648,POS
2649,POS
2650,NEU
2651,POS
2652,POS
2653,POS
2654,NEU
2655,NEU
2656,NEU
2657,NEU
2658,NEU
2659,NEU
2660,NEU
2661,NEU
2662,NEU
2663,NEU
2664,NEU
2665,NEU
2666,NEU
2667,NEU
2668,NEU
2669,NEU
2670,NEU
2671,NEU
2672,NEU
2673,NEU
2674,NEU
2675,NEU
2676,NEU
2677,NEU
2678,NEU
2679,NEU
2680,NEU
2681,POS
2682,POS
2683,POS
2684,NEU
2685,NEU
2686,NEU
2687,POS
2688,POS
2689,POS
2690,NEU
2691,NEU
2692,POS
2693,POS
2694,NEG
2695,NEG
2696,NEG
2697,NEG
2698,NEG
2699,NEG
2700,NEG
2701,NEG
2702,NEG
2703,NEG
2704,NEG
2705,NEG
2706,NEG
2707,NEG
2708,NEG
2709,NEG
2710,NEG
2711,NEG
2712,NEG
2713,NEG
2714,NEG
2715,NEG
2716,NEG
2717,NEG
2718,NEG
2719,NEG
2720,NEG
2721,NEG
2722,NEG
2723,NEG
2724,NEG
2725,NEG
2726,NEG
2727,NEG
2728,NEG
2729,NEG
2730,NEG
2731,NEG
2732,NEG
2733,NEG
2734,NEG
2735,NEG
2736,POS
2737,NEG
2738,NEG
2739,NEG
2740,NEG
2741,NEU
2742,NEU
2743,NEG
2744,POS
2745,POS
2746,POS
2747,NEG
2748,NEG
2749,POS
2750,POS
2751,POS
2752,NEG
2753,NEG
2754,NEG
2755,POS
2756,POS
2757,NEG
2758,NEG
2759,NEG
2760,NEG
2761,POS
2762,POS
2763,POS
2764,POS
2765,POS
2766,POS
2767,POS
2768,POS
2769,NEG
2770,NEG
2771,NEG
2772,POS
2773,POS
2774,POS
2775,POS
2776,NEG
2777,NEU
2778,NEU
2779,POS
2780,POS
2781,POS
2782,NEU
2783,NEU
2784,NEU
2785,NEU
2786,NEG
2787,NEG
2788,NEG
2789,NEG
2790,NEG
2791,NEU
2792,NEU
2793,NEU
2794,NEU
2795,NEU
2796,NEU
2797,NEU
2798,NEU
2799,NEU
2800,NEU
2801,NEU
2802,NEU
2803,NEU
2804,NEU
2805,NEU
2806,NEU
2807,NEU
2808,NEU
2809,NEU
2810,NEU
2811,NEG
2812,NEG
2813,NEG
2814,NEG
2815,NEU
2816,NEU
2817,NEU
2818,NEU
2819,NEU
2820,NEU
2821,NEU
2822,NEU
2823,NEG
2824,NEG
2825,NEG
2826,NEG
2827,NEG
2828,NEU
2829,NEU
2830,NEU
2831,NEU
2832,NEU
2833,NEG
2834,NEG
2835,NEU
2836,NEG
2837,NEU
2838,NEU
2839,NEU
2840,NEU
2841,NEG
2842,NEU
2843,NEG
2844,NEG
2845,NEG
2846,NEG
2847,NEU
2848,NEU
2849,NEU
2850,NEU
2851,NEU
2852,NEG
2853,NEG
2854,NEG
2855,NEG
2856,NEU
2857,NEU
2858,NEU
2859,NEU
2860,NEU
2861,NEU
2862,NEU
2863,NEU
2864,NEU
2865,NEU
2866,NEU
2867,NEU
2868,NEG
2869,NEG
2870,NEU
2871,NEU
2872,NEU
2873,POS
2874,POS
2875,NEG
2876,NEU
2877,NEU
2878,NEG
2879,NEG
2880,NEG
2881,NEU
2882,NEU
2883,NEU
2884,NEU
2885,NEU
2886,NEU
2887,NEU
2888,NEG
2889,NEG
2890,NEG
2891,NEG
2892,NEG
2893,NEU
2894,NEU
2895,NEU
2896,NEU
2897,NEU
2898,NEU
2899,NEU
2900,NEU
2901,NEG
2902,NEG
2903,NEU
2904,NEU
2905,NEU
2906,NEG
2907,NEG
2908,NEG
2909,NEG
2910,NEG
2911,NEG
2912,POS
2913,POS
2914,POS
2915,NEU
2916,NEU
2917,NEU
2918,NEG
2919,NEG
2920,POS
2921,POS
2922,POS
2923,NEG
2924,NEG
2925,NEU
2926,NEU
2927,NEG
2928,NEG
2929,NEG
2930,NEU
2931,NEU
2932,NEG
2933,NEG
2934,NEG
2935,NEG
2936,NEG
2937,NEG
2938,NEG
2939,NEG
2940,NEG
2941,NEG
2942,NEG
2943,NEG
2944,NEG
2945,NEG
2946,NEG
2947,NEG
2948,NEG
2949,NEG
2950,NEG
2951,NEG
2952,NEG
2953,NEG
2954,NEG
2955,NEG
2956,NEG
2957,NEG
2958,NEG
2959,NEU
2960,NEG
2961,NEG
2962,NEU
2963,NEU
2964,NEU
2965,NEU
2966,NEU
2967,NEU
2968,NEU
2969,NEU
2970,NEU
2971,NEG
2972,NEG
2973,NEG
2974,NEG
2975,NEG
2976,NEU
2977,NEU
2978,NEG
2979,NEG
2980,NEG
2981,NEG
2982,NEU
2983,NEU
2984,NEG
2985,NEG
2986,NEU
2987,NEU
2988,NEU
2989,NEU
2990,NEU
2991,NEU
2992,NEG
2993,NEG
2994,NEG
2995,NEG
2996,NEG
2997,NEG
2998,NEG
2999,NEG
3000,NEG
3001,NEG
3002,NEG
3003,NEG
3004,NEG
3005,NEG
3006,NEU
3007,NEG
3008,NEG
3009,NEG
3010,NEG
3011,NEG
3012,NEG
3013,NEG
3014,NEG
3015,NEG
3016,POS
3017,POS
3018,POS
3019,NEU
3020,NEG
3021,NEG
3022,NEG
3023,NEU
3024,NEU
3025,NEU
3026,NEG
3027,NEG
3028,NEG
3029,NEG
3030,NEG
3031,NEG
3032,NEG
3033,NEG
3034,NEG
3035,NEG
3036,NEU
3037,NEU
3038,NEU
3039,NEU
3040,NEG
3041,NEG
3042,NEG
3043,NEG
3044,NEG
3045,NEG
3046,POS
3047,POS
3048,NEG
3049,NEG
3050,NEG
3051,NEG
3052,NEG
3053,NEG
3054,NEG
3055,POS
3056,POS
3057,POS
3058,NEG
3059,NEG
3060,NEU
3061,NEU
3062,NEG
3063,NEG
3064,NEG
3065,NEG
3066,NEG
3067,NEU
3068,NEU
3069,NEU
3070,NEU
3071,NEU
3072,NEU
3073,NEU
3074,NEU
3075,NEU
3076,NEU
3077,NEU
3078,NEG
3079,NEG
3080,NEG
3081,POS
3082,NEG
3083,NEG
3084,POS
3085,POS
3086,POS
3087,POS
3088,POS
3089,POS
3090,POS
3091,NEU
3092,NEU
3093,NEG
3094,NEU
3095,POS
3096,POS
3097,NEU
3098,NEU
3099,NEU
3100,NEU
3101,NEU
3102,NEU
3103,NEU
3104,NEU
3105,NEG
3106,NEG
3107,NEU
3108,NEU
3109,NEU
3110,NEU
3111,NEU
3112,NEG
3113,NEG
3114,NEG
3115,NEU
3116,NEU
3117,NEU
3118,NEU
3119,NEU
3120,NEU
3121,NEG
3122,NEG
3123,NEG
3124,NEG
3125,NEG
3126,NEG
3127,NEG
3128,NEG
3129,NEG
3130,NEG
3131,NEG
3132,NEG
3133,NEG
3134,NEG
3135,NEG
3136,NEU
3137,NEU
3138,NEU
3139,POS
3140,POS
3141,NEG
3142,NEG
3143,NEU
3144,NEG
3145,NEG
3146,NEG
3147,NEU
3148,NEU
3149,NEU
3150,NEU
3151,POS
3152,NEG
3153,NEG
3154,NEU
3155,NEU
3156,NEU
3157,NEG
3158,NEG
3159,NEG
3160,NEG
3161,NEG
3162,NEG
3163,NEG
3164,NEG
3165,NEG
3166,NEG
3167,NEG
3168,NEG
3169,NEG
3170,NEU
3171,NEU
3172,NEU
3173,NEU
3174,NEU
3175,NEU
3176,NEU
3177,NEU
3178,NEU
3179,NEU
3180,NEU
3181,NEU
3182,NEU
3183,NEU
3184,NEU
3185,NEU
3186,NEU
3187,NEU
3188,NEU
3189,NEG
3190,NEG
3191,NEG
3192,NEU
3193,NEU
3194,NEU
3195,NEU
3196,NEU
3197,NEU
3198,NEG
3199,NEG
3200,NEG
3201,NEG
3202,NEG
3203,NEG
3204,NEG
3205,NEG
3206,NEU
3207,POS
3208,POS
3209,NEG
3210,NEG
3211,NEG
3212,NEG
3213,NEG
3214,NEG
3215,NEG
3216,NEU
3217,NEU
3218,NEG
3219,NEG
3220,NEG
3221,NEG
3222,NEG
3223,NEG
3224,NEG
3225,NEG
3226,NEG
3227,NEU
3228,NEU
3229,NEG
3230,NEG
3231,NEG
3232,NEG
3233,NEG
3234,NEG
3235,NEG
3236,NEG
3237,NEU
3238,NEU
3239,NEU
3240,NEU
3241,NEG
3242,NEG
3243,POS
3244,NEG
3245,NEU
3246,NEU
3247,NEU
3248,NEU
3249,NEU
3250,NEG
3251,NEG
3252,NEG
3253,NEG
3254,NEG
3255,NEG
3256,NEG
3257,NEU
3258,NEG
3259,NEG
3260,NEG
3261,NEG
3262,NEG
3263,NEG
3264,NEG
3265,NEG
3266,NEU
3267,NEU
3268,NEG
3269,NEG
3270,NEU
3271,NEU
3272,NEU
3273,NEU
3274,NEG
3275,POS
3276,POS
3277,POS
3278,POS
3279,POS
3280,NEG
3281,NEG
3282,POS
3283,POS
3284,POS
3285,POS
3286,POS
3287,POS
3288,POS
3289,POS
3290,POS
3291,NEG
3292,NEG
3293,NEG
3294,NEU
3295,NEU
3296,NEU
3297,NEU
3298,NEU
3299,NEU
3300,POS
3301,POS
3302,NEU
3303,NEU
3304,NEG
3305,NEG
3306,NEG
3307,NEU
3308,NEU
3309,NEU
3310,NEG
3311,NEG
3312,NEG
3313,NEG
3314,NEG
3315,NEG
3316,NEG
3317,NEG
3318,NEG
3319,NEG
3320,NEU
3321,NEU
3322,NEG
3323,NEG
3324,NEG
3325,NEU
3326,NEU
3327,NEU
3328,NEU
3329,NEU
3330,NEU
3331,NEU
3332,NEG
3333,NEG
3334,NEG
3335,NEG
3336,NEG
3337,NEU
3338,NEG
3339,NEG
3340,NEG
3341,NEG
3342,NEG
3343,NEU
3344,NEU
3345,NEU
3346,NEU
3347,NEU
3348,NEU
3349,NEU
3350,NEU
3351,NEU
3352,NEU
3353,NEU
3354,NEU
3355,NEU
3356,NEU
3357,NEU
3358,POS
3359,NEU
3360,NEU
3361,NEU
3362,NEG
3363,NEG
3364,NEG
3365,NEU
3366,NEG
3367,NEG
3368,NEG
3369,NEG
3370,POS
3371,POS
3372,NEG
3373,NEG
3374,NEG
3375,NEU
3376,NEU
3377,NEG
3378,NEG
3379,NEG
3380,NEG
3381,NEU
3382,NEG
3383,NEG
3384,NEG
3385,NEG
3386,NEG
3387,NEG
3388,NEG
3389,NEG
3390,NEG
3391,NEG
3392,NEG
3393,NEU
3394,NEU
3395,NEU
3396,NEU
3397,NEU
3398,POS
3399,NEG
3400,NEG
3401,NEG
3402,POS
3403,NEG
3404,NEG
3405,NEG
3406,NEG
3407,NEG
3408,NEG
3409,NEG
3410,POS
3411,POS
3412,NEG
3413,NEG
3414,POS
3415,NEG
3416,NEG
3417,NEG
3418,NEG
3419,NEG
3420,NEG
3421,NEG
3422,POS
3423,POS
3424,POS
3425,NEG
3426,NEG
3427,NEU
3428,NEG
3429,POS
3430,POS
3431,POS
3432,NEG
3433,NEG
3434,NEG
3435,NEG
3436,NEG
3437,NEG
3438,NEG
3439,NEG
3440,NEG
3441,NEG
3442,NEG
3443,POS
3444,POS
3445,POS
3446,POS
3447,POS
3448,POS
3449,POS
3450,NEG
3451,NEG
3452,NEG
3453,NEG
3454,NEG
3455,NEG
3456,NEG
3457,NEU
3458,NEG
3459,NEG
3460,NEG
3461,POS
3462,POS
3463,NEG
3464,NEG
3465,NEG
3466,NEG
3467,NEG
3468,NEG
3469,NEG
3470,NEG
3471,NEG
3472,NEG
3473,NEG
3474,NEG
3475,NEG
3476,POS
3477,NEG
3478,NEU
3479,NEU
3480,NEG
3481,NEG
3482,NEG
3483,NEG
3484,NEU
3485,NEG
3486,NEG
3487,POS
3488,POS
3489,NEU
3490,NEU
3491,NEG
3492,NEG
3493,NEG
3494,POS
3495,POS
3496,POS
3497,POS
3498,POS
3499,POS
3500,POS
3501,POS
3502,POS
3503,POS
3504,NEU
3505,NEU
3506,NEU
3507,POS
3508,POS
3509,NEG
3510,NEG
3511,NEG
3512,NEG
3513,NEG
3514,NEG
3515,NEG
3516,NEG
3517,POS
3518,POS
3519,NEG
3520,POS
3521,NEG
3522,NEG
3523,NEG
3524,NEG
3525,NEG
3526,NEG
3527,NEG
3528,NEG
3529,NEG
3530,NEG
3531,NEG
3532,NEG
3533,NEG
3534,NEG
3535,NEG
3536,NEG
3537,POS
3538,NEG
3539,NEG
3540,NEG
3541,NEG
3542,NEG
3543,NEG
3544,NEG
3545,POS
3546,POS
3547,POS
3548,POS
3549,NEG
3550,NEG
3551,NEG
3552,NEU
3553,NEU
3554,NEG
3555,POS
3556,POS
3557,NEU
3558,NEG
3559,NEG
3560,NEG
3561,NEG
3562,NEG
3563,NEG
3564,NEG
3565,NEG
3566,NEG
3567,NEG
3568,NEU
3569,NEU
3570,NEG
3571,NEG
3572,NEG
3573,NEG
3574,NEG
3575,NEG
3576,NEG
3577,NEG
3578,NEG
3579,NEU
3580,NEG
3581,NEG
3582,POS
3583,POS
3584,POS
3585,POS
3586,NEG
3587,NEG
3588,NEG
3589,NEG
3590,NEG
3591,NEG
3592,NEG
3593,NEG
3594,NEG
3595,NEG
3596,NEU
3597,NEU
3598,NEG
3599,NEG
3600,NEG
3601,NEG
3602,NEG
3603,NEG
3604,NEG
3605,NEG
3606,NEG
3607,NEG
3608,NEG
3609,NEG
3610,NEG
3611,NEG
3612,NEG
3613,NEG
3614,POS
3615,NEG
3616,NEG
3617,NEG
3618,NEG
3619,NEG
3620,NEG
3621,NEG
3622,POS
3623,POS
3624,NEG
3625,NEG
3626,NEG
3627,NEG
3628,NEG
3629,NEU
3630,NEU
3631,NEU
3632,POS
3633,POS
3634,POS
3635,NEG
3636,NEG
3637,NEG
3638,NEG
3639,NEG
3640,NEG
3641,NEG
3642,NEG
3643,NEG
3644,NEG
3645,NEG
3646,NEG
3647,NEG
3648,NEG
3649,NEG
3650,NEG
3651,POS
3652,NEG
3653,NEG
3654,NEG
3655,NEG
3656,NEG
3657,NEG
3658,NEG
3659,NEG
3660,NEG
3661,NEG
3662,NEG
3663,NEG
3664,NEG
3665,NEG
3666,NEG
3667,NEG
3668,NEG
3669,NEG
3670,NEG
3671,NEG
3672,NEG
3673,NEG
3674,NEG
3675,NEG
3676,NEG
3677,NEU
3678,POS
3679,POS
3680,NEG
3681,POS
3682,NEG
3683,NEG
3684,NEG
3685,NEG
3686,NEG
3687,POS
3688,POS
3689,POS
3690,POS
3691,NEG
3692,NEG
3693,NEG
3694,NEG
3695,NEU
3696,NEU
3697,NEG
3698,NEG
3699,NEU
3700,NEU
3701,NEU
3702,NEU
3703,NEU
3704,POS
3705,NEU
3706,NEU
3707,NEU
3708,NEU
3709,NEU
3710,NEU
3711,NEU
3712,POS
3713,NEU
3714,NEU
3715,NEU
3716,NEU
3717,NEU
3718,POS
3719,POS
3720,NEU
3721,NEG
3722,NEG
3723,NEG
3724,NEU
3725,NEU
3726,NEU
3727,NEU
3728,NEU
3729,NEU
3730,NEU
3731,NEU
3732,NEU
3733,POS
3734,POS
3735,NEU
3736,NEU
3737,NEU
3738,NEU
3739,NEU
3740,NEU
3741,NEU
3742,NEU
3743,NEU
3744,NEU
3745,NEU
3746,NEU
3747,NEU
3748,NEU
3749,NEU
3750,NEU
3751,NEU
3752,NEU
3753,NEG
3754,NEU
3755,NEU
3756,NEU
3757,NEU
3758,NEU
3759,NEU
3760,POS
3761,POS
3762,NEU
3763,NEU
3764,NEU
3765,NEU
3766,NEU
3767,POS
3768,POS
3769,POS
3770,NEU
3771,NEU
3772,POS
3773,NEU
3774,NEU
3775,NEU
3776,NEU
3777,POS
3778,POS
3779,POS
3780,NEU
3781,POS
3782,POS
3783,POS
3784,NEU
3785,NEU
3786,POS
3787,POS
3788,POS
3789,POS
3790,NEU
3791,NEU
3792,POS
3793,POS
3794,POS
3795,POS
3796,NEG
3797,NEG
3798,POS
3799,POS
3800,POS
3801,POS
3802,POS
3803,POS
3804,POS
3805,POS
3806,POS
3807,POS
3808,NEG
3809,NEU
3810,NEU
3811,NEU
3812,POS
3813,NEU
3814,NEU
3815,POS
3816,POS
3817,POS
3818,POS
3819,POS
3820,NEU
3821,POS
3822,NEU
3823,NEU
3824,POS
3825,POS
3826,POS
3827,POS
3828,POS
3829,POS
3830,POS
3831,NEU
3832,POS
3833,POS
3834,POS
3835,POS
3836,POS
3837,POS
3838,POS
3839,NEU
3840,NEU
3841,POS
3842,NEG
3843,NEU
3844,NEU
3845,NEU
3846,POS
3847,POS
3848,NEU
3849,NEU
3850,NEG
3851,NEG
3852,NEG
3853,POS
3854,POS
3855,POS
3856,POS
3857,NEG
3858,NEU
3859,NEU
3860,POS
3861,POS
3862,NEG
3863,NEG
3864,NEG
3865,NEG
3866,NEG
3867,NEG
3868,NEG
3869,NEG
3870,NEG
3871,NEG
3872,NEG
3873,NEG
3874,NEG
3875,NEG
3876,NEG
3877,NEG
3878,NEG
3879,NEG
3880,NEG
3881,NEG
3882,NEG
3883,NEG
3884,NEG
3885,POS
3886,POS
3887,POS
3888,POS
3889,POS
3890,NEG
3891,NEG
3892,NEG
3893,NEG
3894,NEG
3895,NEG
3896,NEG
3897,NEG
3898,NEG
3899,NEU
3900,POS
3901,NEG
3902,NEG
3903,NEG
3904,NEG
3905,NEG
3906,NEG
3907,NEG
3908,NEG
3909,NEG
3910,NEG
3911,NEG
3912,NEG
3913,NEG
3914,NEG
3915,NEG
3916,NEG
3917,NEG
3918,POS
3919,POS
3920,POS
3921,POS
3922,POS
3923,NEG
3924,NEU
3925,POS
3926,POS
3927,POS
3928,NEG
3929,POS
3930,NEG
3931,NEU
3932,POS
3933,NEG
3934,POS
3935,POS
3936,POS
3937,NEG
3938,NEG
3939,NEG
3940,POS
3941,POS
3942,NEG
3943,NEG
3944,NEG
3945,NEG
3946,NEG
3947,NEG
3948,NEG
3949,NEG
3950,NEG
3951,NEG
3952,NEU
3953,NEU
3954,NEU
3955,NEU
3956,NEG
3957,NEG
3958,NEG
3959,NEG
3960,NEU
3961,NEU
3962,NEG
3963,NEG
3964,POS
3965,NEU
3966,NEU
3967,NEG
3968,NEG
3969,NEG
3970,POS
3971,POS
3972,POS
3973,POS
3974,NEU
3975,NEU
3976,NEU
3977,NEU
3978,NEU
3979,NEU
3980,NEU
3981,POS
3982,POS
3983,POS
3984,NEG
3985,POS
3986,POS
3987,POS
3988,POS
3989,NEG
3990,NEG
3991,NEG
3992,NEG
3993,NEG
3994,NEG
3995,NEG
3996,NEG
3997,NEG
3998,NEG
3999,NEG
4000,NEG
4001,NEG
4002,NEG
4003,NEG
4004,NEG
4005,NEG
4006,POS
4007,POS
4008,POS
4009,POS
4010,NEG
4011,NEG
4012,NEG
4013,NEG
4014,POS
4015,POS
4016,NEG
4017,NEG
4018,NEG
4019,NEG
4020,NEG
4021,NEG
4022,NEG
4023,NEU
4024,NEG
4025,NEG
4026,NEU
4027,NEU
4028,NEU
4029,NEU
4030,POS
4031,NEG
4032,NEG
4033,NEG
4034,POS
4035,NEG
4036,NEG
4037,NEG
4038,POS
4039,NEU
4040,NEU
4041,POS
4042,POS
4043,NEG
4044,NEG
4045,NEG
4046,NEG
4047,NEU
4048,POS
4049,NEU
4050,NEG
4051,NEG
4052,NEG
4053,NEG
4054,NEG
4055,POS
4056,POS
4057,NEU
4058,NEU
4059,NEU
4060,NEU
4061,NEG
4062,POS
4063,NEG
4064,NEU
4065,NEU
4066,POS
4067,POS
4068,POS
4069,POS
4070,POS
4071,POS
4072,NEU
4073,POS
4074,NEU
4075,NEG
4076,NEU
4077,POS
4078,POS
4079,NEU
4080,POS
4081,NEU
4082,POS
4083,POS
4084,POS
4085,POS
4086,POS
4087,NEU
4088,POS
4089,NEU
4090,NEG
4091,POS
4092,POS
4093,POS
4094,NEG
4095,NEG
4096,POS
4097,POS
4098,NEG
4099,POS
4100,NEU
4101,NEU
4102,NEU
4103,POS
4104,POS
4105,POS
4106,POS
4107,POS
4108,POS
4109,NEU
4110,POS
4111,POS
4112,NEG
4113,NEU
4114,POS
4115,POS
4116,NEG
4117,NEG
4118,NEU
4119,NEU
4120,NEG
4121,NEG
4122,NEU
4123,POS
4124,NEG
4125,NEU
4126,POS
4127,POS
4128,POS
4129,NEU
4130,NEU
4131,NEU
4132,NEU
4133,NEU
4134,NEU
4135,NEG
4136,NEU
4137,NEU
4138,POS
4139,POS
4140,POS
4141,NEU
4142,NEG
4143,POS
4144,POS
4145,POS
4146,NEG
4147,NEG
4148,NEG
4149,NEG
4150,POS
4151,POS
4152,NEU
4153,NEG
4154,POS
4155,NEU
4156,NEU
4157,POS
4158,NEG
4159,NEG
4160,POS
4161,POS
4162,NEG
4163,POS
4164,NEU
4165,NEG
4166,NEU
4167,NEU
4168,NEU
4169,POS
4170,POS
4171,POS
4172,POS
4173,POS
4174,NEG
4175,NEG
4176,NEU
4177,NEU
4178,NEU
4179,NEU
4180,NEG
4181,NEG
4182,NEG
4183,NEG
4184,POS
4185,POS
4186,NEG
4187,NEG
4188,NEG
4189,NEG
4190,NEG
4191,NEU
4192,POS
4193,NEG
4194,NEG
4195,NEG
4196,NEG
4197,POS
4198,POS
4199,POS
4200,POS
4201,POS
4202,POS
4203,POS
4204,NEU
4205,NEG
4206,NEU
4207,NEU
4208,NEU
4209,NEU
4210,POS
4211,POS
4212,POS
4213,POS
4214,POS
4215,POS
4216,POS
4217,POS
4218,NEG
4219,NEG
4220,NEG
4221,NEG
4222,NEG
4223,NEG
4224,NEG
4225,NEG
4226,NEU
4227,POS
4228,POS
4229,NEU
4230,NEG
4231,NEG
4232,POS
4233,POS
4234,NEU
4235,POS
4236,NEG
4237,POS
4238,POS
4239,NEG
4240,NEU
4241,NEG
4242,NEG
4243,POS
4244,POS
4245,NEG
4246,NEG
4247,POS
4248,POS
4249,POS
4250,NEG
4251,NEG
4252,NEG
4253,POS
4254,POS
4255,POS
4256,NEU
4257,NEU
4258,NEG
4259,NEG
4260,NEG
4261,NEU
4262,NEG
4263,NEG
4264,NEG
4265,NEG
4266,NEG
4267,POS
4268,POS
4269,POS
4270,POS
4271,NEG
4272,NEG
4273,NEG
4274,NEG
4275,NEG
4276,NEG
4277,NEG
4278,NEG
4279,NEG
4280,NEG
4281,NEG
4282,NEG
4283,NEG
4284,NEG
4285,NEG
4286,NEG
4287,NEU
4288,POS
4289,NEG
4290,NEG
4291,NEG
4292,NEG
4293,NEG
4294,POS
4295,POS
4296,POS
4297,NEG
4298,NEG
4299,NEG
4300,NEG
4301,NEG
4302,NEG
4303,NEG
4304,POS
4305,NEU
4306,NEU
4307,POS
4308,POS
4309,POS
4310,NEG
4311,NEG
4312,NEG
4313,NEG
4314,NEG
4315,NEG
4316,POS
4317,POS
4318,POS
4319,NEU
4320,NEU
4321,NEU
4322,NEU
4323,NEU
4324,POS
4325,NEG
4326,NEG
4327,NEG
4328,NEG
4329,NEG
4330,NEG
4331,NEG
4332,POS
4333,POS
4334,NEG
4335,NEG
4336,NEG
4337,POS
4338,NEG
4339,NEU
4340,POS
4341,NEU
0,POS
1,NEG
2,POS
3,NEG
4,POS
5,NEG
6,NEU
7,NEU
8,NEG
9,NEU
10,NEU
11,NEG
12,NEU
13,POS
14,NEG
15,NEG
16,NEG
17,NEU
18,NEU
19,NEU
20,POS
21,POS
22,POS
23,POS
24,NEG
25,NEU
26,NEU
27,NEG
28,NEG
29,NEG
30,NEU
31,NEU
32,NEG
33,NEG
34,NEG
35,NEU
36,NEG
37,NEG
38,POS
39,NEG
40,NEG
41,NEU
42,POS
43,NEG
44,NEU
45,POS
46,NEG
47,NEG
48,POS
49,POS
50,POS
51,NEU
52,NEU
53,NEU
54,NEU
55,NEU
56,NEU
57,POS
58,POS
59,POS
60,POS
61,NEU
62,POS
63,POS
64,NEU
65,NEU
66,NEG
67,NEG
68,NEG
69,NEU
70,NEG
71,NEU
72,NEU
73,NEU
74,NEU
75,NEG
76,NEG
77,NEG
78,NEU
79,NEU
80,NEG
81,NEU
82,NEU
83,POS
84,NEU
85,NEG
86,NEG
87,POS
88,NEG
89,POS
90,NEG
91,NEG
92,NEU
93,NEG
94,NEU
95,NEU
96,NEU
97,NEU
98,NEG
99,NEG
100,NEU
101,NEU
102,NEG
103,POS
104,NEU
105,NEU
106,NEG
107,NEU
108,NEG
109,POS
110,NEU
111,POS
112,NEU
113,NEG
114,NEG
115,POS
116,POS
117,POS
118,NEU
119,NEG
120,NEG
121,NEG
122,POS
123,NEG
124,NEG
125,NEU
126,NEU
127,NEG
128,POS
129,NEG
130,NEG
131,NEG
132,POS
133,POS
134,POS
135,NEG
136,NEU
137,NEG
138,NEU
139,POS
140,NEG
141,NEU
142,NEG
143,POS
144,NEU
145,POS
146,POS
147,POS
148,POS
149,NEU
150,NEG
151,NEU
152,NEG
153,POS
154,POS
155,POS
156,POS
157,POS
158,POS
159,POS
160,NEG
161,POS
162,NEG
163,NEG
164,POS
165,POS
166,POS
167,NEU
168,POS
169,POS
170,POS
171,POS
172,POS
173,NEG
174,POS
175,POS
176,NEU
177,NEG
178,POS
179,NEG
180,POS
181,NEG
182,POS
183,NEG
184,POS
185,POS
186,POS
187,POS
188,NEU
189,NEG
190,NEU
191,NEG
192,NEU
193,NEU
194,NEU
195,NEG
196,NEG
197,NEU
198,NEU
199,NEU
200,POS
201,NEU
202,NEG
203,NEG
204,NEU
205,NEG
206,POS
207,NEU
208,POS
209,NEU
210,NEG
211,POS
212,POS
213,POS
214,NEU
215,NEG
216,NEG
217,NEG
218,NEG
219,NEG
220,NEU
221,NEG
222,NEG
223,NEG
224,NEG
225,NEG
226,NEG
227,POS
228,NEG
229,NEG
230,NEG
231,POS
232,NEU
233,NEG
234,POS
235,NEU
236,NEU
237,NEU
238,NEU
239,POS
240,POS
241,NEG
242,NEG
243,NEU
244,NEG
245,POS
246,NEU
247,POS
248,NEU
249,POS
250,NEG
251,NEG
252,NEG
253,POS
254,NEG
255,NEG
256,NEG
257,NEU
258,NEU
259,NEG
260,POS
261,POS
262,POS
263,POS
264,POS
265,POS
266,POS
267,POS
268,POS
269,POS
270,NEU
271,POS
272,POS
273,POS
274,POS
275,POS
276,POS
277,POS
278,NEU
279,POS
280,NEU
281,NEU
282,POS
283,NEG
284,NEG
285,POS
286,POS
287,POS
288,POS
289,NEU
290,POS
291,NEU
292,POS
293,NEU
294,NEG
295,NEG
296,NEU
297,POS
298,POS
299,POS
300,POS
301,POS
302,POS
303,POS
304,POS
305,POS
306,POS
307,POS
308,POS
309,POS
310,POS
311,NEU
312,POS
313,POS
314,POS
315,NEU
316,POS
317,POS
318,POS
319,POS
320,POS
321,NEU
322,POS
323,POS
324,POS
325,POS
326,POS
327,POS
328,POS
329,POS
330,POS
331,POS
332,POS
333,POS
334,POS
335,POS
336,POS
337,POS
338,POS
339,POS
340,NEG
341,POS
342,NEG
343,NEU
344,NEG
345,NEG
346,NEG
347,POS
348,NEU
349,POS
350,POS
351,POS
352,NEG
353,NEU
354,NEU
355,POS
356,NEG
357,POS
358,POS
359,POS
360,POS
361,POS
362,POS
363,POS
364,POS
365,POS
366,POS
367,POS
368,POS
369,POS
370,POS
371,NEU
372,NEU
373,NEG
374,NEG
375,POS
376,POS
377,NEU
378,POS
379,NEG
380,POS
381,POS
382,NEU
383,NEU
384,NEU
385,NEG
386,POS
387,NEG
388,NEG
389,POS
390,POS
391,NEG
392,POS
393,NEG
394,NEU
395,NEG
396,NEU
397,NEG
398,NEU
399,NEU
400,NEU
401,POS
402,NEU
403,NEG
404,NEG
405,POS
406,NEG
407,NEU
408,NEU
409,POS
410,NEU
411,NEU
412,NEU
413,NEU
414,NEU
415,NEG
416,NEU
417,NEG
418,NEG
419,NEU
420,NEU
421,NEG
422,NEU
423,NEG
424,NEU
425,NEG
426,NEG
427,POS
428,NEU
429,POS
430,POS
431,NEG
432,NEU
433,NEG
434,NEG
435,NEG
436,NEU
437,NEU
438,NEU
439,NEG
440,POS
441,NEG
442,NEG
443,NEG
444,POS
445,NEG
446,NEG
447,NEG
448,NEG
449,NEU
450,NEG
451,POS
452,NEU
453,NEG
454,NEG
455,NEG
456,POS
457,NEG
458,NEU
459,POS
460,POS
461,NEU
462,NEG
463,NEU
464,NEU
465,NEU
466,NEU
467,POS
468,POS
469,POS
470,POS
471,POS
472,POS
473,POS
474,POS
475,POS
476,POS
477,POS
478,POS
479,POS
480,POS
481,POS
482,POS
483,POS
484,NEU
485,POS
486,POS
487,POS
488,POS
489,POS
490,NEU
491,POS
492,POS
493,NEG
494,NEU
495,POS
496,NEU
497,POS
498,POS
499,NEU
500,POS
501,POS
502,POS
503,NEU
504,POS
505,POS
506,NEU
507,POS
508,POS
509,POS
510,POS
511,POS
512,POS
513,POS
514,POS
515,POS
516,POS
517,POS
518,POS
519,NEU
520,POS
521,NEU
522,NEG
523,NEG
524,NEU
525,NEU
526,NEG
527,NEU
528,NEU
529,NEU
530,NEU
531,NEU
532,NEG
533,NEU
534,POS
535,NEU
536,POS
537,NEG
538,NEU
539,NEG
540,NEG
541,NEG
542,NEG
543,NEU
544,NEU
545,NEU
546,POS
547,NEG
548,POS
549,NEG
550,NEG
551,NEU
552,NEU
553,NEG
554,POS
555,POS
556,NEU
557,POS
558,NEU
559,POS
560,POS
561,POS
562,POS
563,POS
564,POS
565,POS
566,POS
567,POS
568,POS
569,POS
570,POS
571,NEU
572,NEU
573,POS
574,POS
575,POS
576,POS
577,POS
578,NEU
579,POS
580,POS
581,NEU
582,NEU
583,POS
584,POS
585,POS
586,POS
587,POS
588,POS
589,POS
590,POS
591,POS
592,POS
593,POS
594,NEU
595,POS
596,NEG
597,POS
598,POS
599,POS
600,POS
601,NEU
602,POS
603,NEU
604,POS
605,NEU
606,NEU
607,NEG
608,POS
609,NEG
610,NEU
611,NEU
612,NEU
613,NEU
614,NEU
615,NEU
616,NEU
617,NEU
618,NEU
619,NEU
620,NEG
621,NEU
622,NEU
623,NEG
624,POS
625,NEG
626,NEG
627,NEU
628,NEG
629,NEU
630,NEU
631,NEU
632,NEU
633,NEU
634,NEU
635,NEU
636,NEG
637,NEG
638,NEU
639,NEG
640,POS
641,NEU
642,POS
643,POS
644,NEU
645,POS
646,NEG
647,NEU
648,NEG
649,NEU
650,NEU
651,NEU
652,NEG
653,NEG
654,NEG
655,NEG
656,NEU
657,NEG
658,NEG
659,NEG
660,NEG
661,NEG
662,NEG
663,NEU
664,NEU
665,NEU
666,NEU
667,POS
668,NEU
669,NEG
670,NEU
671,NEU
672,NEU
673,NEU
674,NEG
675,POS
676,NEG
677,NEG
678,POS
679,NEG
680,NEG
681,NEG
682,NEU
683,POS
684,POS
685,POS
686,POS
687,POS
688,POS
689,NEU
690,NEU
691,NEU
692,NEU
693,NEG
694,NEG
695,POS
696,NEU
697,NEU
698,NEG
699,NEG
700,NEU
701,NEU
702,POS
703,NEU
704,NEU
705,NEU
706,NEG
707,NEG
708,NEU
709,NEU
710,NEU
711,NEG
712,NEG
713,NEG
714,POS
715,POS
716,POS
717,NEU
718,NEU
719,NEU
720,NEU
721,NEU
722,NEU
723,NEU
724,NEU
725,NEG
726,POS
727,POS
728,NEU
729,NEU
730,NEG
731,NEU
732,NEU
733,POS
734,NEU
735,NEU
736,NEG
737,NEU
738,POS
739,POS
740,POS
741,NEU
742,POS
743,POS
744,POS
745,POS
746,NEU
747,POS
748,POS
749,NEU
750,POS
751,NEG
752,NEU
753,POS
754,NEU
755,POS
756,POS
757,POS
758,NEU
759,POS
760,NEU
761,POS
762,POS
763,POS
764,POS
765,NEU
766,POS
767,NEU
768,NEG
769,NEG
770,POS
771,NEG
772,NEU
773,POS
774,NEG
775,NEU
776,NEG
777,NEG
778,POS
779,POS
780,NEG
781,NEU
782,NEU
783,NEU
784,NEU
785,POS
786,NEU
787,NEU
788,NEG
789,NEU
790,POS
791,NEU
792,NEU
793,POS
794,NEU
795,POS
796,POS
797,POS
798,POS
799,POS
800,NEG
801,NEU
802,NEU
803,NEG
804,NEG
805,POS
806,POS
807,POS
808,POS
809,POS
810,POS
811,POS
812,NEG
813,NEU
814,NEG
